{"1": {"\u82f9\u679c\u56ed": [116.177781, 39.926325], "\u53e4\u57ce": [116.197072, 39.913414], "\u516b\u89d2\u6e38\u4e50\u56ed": [116.21939, 39.913076], "\u516b\u5b9d\u5c71": [116.242277, 39.913185], "\u7389\u6cc9\u8def": [116.25947, 39.913501], "\u4e94\u68f5\u677e": [116.280423, 39.913833], "\u4e07\u5bff\u8def": [116.30155, 39.91371], "\u516c\u4e3b\u575f": [116.316696, 39.913509], "\u519b\u4e8b\u535a\u7269\u9986": [116.330349, 39.913214], "\u6728\u6a28\u5730": [116.344097, 39.913125], "\u5357\u793c\u58eb\u8def": [116.359221, 39.912979], "\u590d\u5174\u95e8": [116.364381, 39.913014], "\u897f\u5355": [116.383402, 39.913357], "\u5929\u5b89\u95e8\u897f": [116.39805, 39.913776], "\u5929\u5b89\u95e8\u4e1c": [116.407851, 39.91408], "\u738b\u5e9c\u4e95": [116.417796, 39.914398], "\u4e1c\u5355": [116.426004, 39.914476], "\u5efa\u56fd\u95e8": [116.44084, 39.914526], "\u6c38\u5b89\u91cc": [116.457089, 39.914223], "\u56fd\u8d38": [116.46667, 39.914138], "\u5927\u671b\u8def": [116.482387, 39.91413], "\u56db\u60e0": [116.501945, 39.91486], "\u56db\u60e0\u4e1c": [116.501945, 39.91486], "\u9ad8\u7891\u5e97": [116.538, 39.915798], "\u4f20\u5a92\u5927\u5b66": [116.561375, 39.915197], "\u53cc\u6865": [116.583332, 39.915885], "\u7ba1\u5e84": [116.605782, 39.914907], "\u516b\u91cc\u6865": [116.625141, 39.912218], "\u901a\u5dde\u5317\u82d1": [116.64361, 39.910064], "\u679c\u56ed": [116.653044, 39.89966], "\u4e5d\u68f5\u6811": [116.663922, 39.896462], "\u68a8\u56ed": [116.675218, 39.889716], "\u4e34\u6cb3\u91cc": [116.685467, 39.881239], "\u571f\u6865": [116.69298, 39.877629], "\u82b1\u5e84": [116.701878, 39.863955], "\u73af\u7403\u5ea6\u5047\u533a": [116.68321, 39.85625]}, "2": {"\u961c\u6210\u95e8": [116.362817, 39.929522], "\u8f66\u516c\u5e84": [116.362436, 39.938489], "\u897f\u76f4\u95e8": [116.362125, 39.946021], "\u79ef\u6c34\u6f6d": [116.379185, 39.954765], "\u9f13\u697c\u5927\u8857": [116.399937, 39.955358], "\u5b89\u5b9a\u95e8": [116.414597, 39.955441], "\u96cd\u548c\u5bab": [116.42325, 39.955573], "\u4e1c\u76f4\u95e8": [116.440288, 39.947302], "\u4e1c\u56db\u5341\u6761": [116.440638, 39.939841], "\u671d\u9633\u95e8": [116.441075, 39.930642], "\u5efa\u56fd\u95e8": [116.442313, 39.914513], "\u5317\u4eac\u7ad9": [116.433608, 39.911127], "\u5d07\u6587\u95e8": [116.423881, 39.907367], "\u524d\u95e8": [116.404276, 39.906534], "\u548c\u5e73\u95e8": [116.390619, 39.906362], "\u5ba3\u6b66\u95e8": [116.380848, 39.905881], "\u957f\u693f\u8857": [116.369911, 39.90534], "\u590d\u5174\u95e8": [116.363143, 39.913029], "\u961c\u6210\u95e81": [116.362817, 39.929522]}, "4": {"\u5b89\u6cb3\u6865\u5317": [116.276432, 40.018657], "\u5317\u5bab\u95e8": [116.28399, 40.008678], "\u897f\u82d1": [116.298094, 40.004726], "\u5706\u660e\u56ed": [116.315938, 40.005466], "\u5317\u4eac\u5927\u5b66\u4e1c\u95e8": [116.322265, 39.998006], "\u4e2d\u5173\u6751": [116.323066, 39.989956], "\u6d77\u6dc0\u9ec4\u5e84": [116.324348, 39.981865], "\u4eba\u6c11\u5927\u5b66": [116.32809, 39.97277], "\u9b4f\u516c\u6751": [116.329874, 39.963457], "\u56fd\u5bb6\u56fe\u4e66\u9986": [116.331897, 39.948864], "\u52a8\u7269\u56ed": [116.345204, 39.943923], "\u897f\u76f4\u95e8": [116.362125, 39.946021], "\u65b0\u8857\u53e3": [116.362125, 39.946021], "\u5e73\u5b89\u91cc": [116.377042, 39.939251], "\u897f\u56db": [116.37977, 39.930248], "\u7075\u5883\u80e1\u540c": [116.37977, 39.930248], "\u897f\u5355": [116.383402, 39.913357], "\u5ba3\u6b66\u95e8": [116.380848, 39.905881], "\u83dc\u5e02\u53e3": [116.38074, 39.895375], "\u9676\u7136\u4ead": [116.380902, 39.884625], "\u5317\u4eac\u5357\u7ad9": [116.385169, 39.870965], "\u9a6c\u5bb6\u5821": [116.377878, 39.859199], "\u89d2\u95e8\u897f": [116.377644, 39.851929], "\u516c\u76ca\u897f\u6865": [116.377314, 39.843056], "\u65b0\u5bab": [116.372097, 39.818302], "\u897f\u7ea2\u95e8": [116.335169, 39.795445], "\u9ad8\u7c73\u5e97\u5317": [116.337331, 39.779548], "\u9ad8\u7c73\u5e97\u5357": [116.33841, 39.769059], "\u67a3\u56ed": [116.338975, 39.759079], "\u6e05\u6e90\u8def": [116.339019, 39.748354], "\u9ec4\u6751\u897f\u5927\u8857": [116.339482, 39.73738], "\u4e49\u548c\u5e84": [116.325538, 39.718296], "\u751f\u7269\u533b\u836f\u57fa\u5730": [116.328329, 39.692307], "\u5929\u5bab\u9662": [116.326437, 39.676122]}, "5": {"\u5929\u901a\u82d1\u5317": [116.419385, 40.089597], "\u5929\u901a\u82d1": [116.419233, 40.081478], "\u5929\u901a\u82d1\u5357": [116.419113, 40.072752], "\u7acb\u6c34\u6865": [116.418274, 40.059244], "\u7acb\u6c34\u6865\u5357": [116.420973, 40.048143], "\u5317\u82d1\u8def\u5317": [116.424525, 40.036821], "\u5927\u5c6f\u8def\u4e1c": [116.424567, 40.009611], "\u60e0\u65b0\u897f\u8857\u5317\u53e3": [116.423532, 39.994151], "\u60e0\u65b0\u897f\u8857\u5357\u53e3": [116.42404, 39.983276], "\u548c\u5e73\u897f\u6865": [116.424463, 39.974502], "\u548c\u5e73\u91cc\u5317\u8857": [116.425051, 39.964752], "\u96cd\u548c\u5bab": [116.42325, 39.955573], "\u5317\u65b0\u6865": [116.423298, 39.947112], "\u5f20\u81ea\u5fe0\u8def": [116.423579, 39.939914], "\u4e1c\u56db": [116.423405, 39.930647], "\u706f\u5e02\u53e3": [116.424169, 39.923603], "\u4e1c\u5355": [116.426004, 39.914476], "\u5d07\u6587\u95e8": [116.423881, 39.907367], "\u78c1\u5668\u53e3": [116.426035, 39.899339], "\u5929\u575b\u4e1c\u95e8": [116.427392, 39.888497], "\u84b2\u9ec4\u6986": [116.428894, 39.871689], "\u5218\u5bb6\u7a91": [116.428565, 39.863697], "\u5b8b\u5bb6\u5e84": [116.434913, 39.851941]}, "6": {"\u91d1\u5b89\u6865": [116.169015, 39.92957], "\u82f9\u679c\u56ed": [116.184834, 39.931823], "\u6768\u5e84": [116.194344, 39.9342], "\u897f\u9ec4\u6751": [116.212741, 39.939418], "\u5ed6\u516c\u5e84": [116.233658, 39.938072], "\u7530\u6751": [116.259453, 39.935587], "\u6d77\u6dc0\u4e94\u8def\u5c45": [116.282736, 39.9386], "\u6148\u5bff\u5bfa": [116.300677, 39.93927], "\u82b1\u56ed\u6865": [116.317559, 39.938382], "\u767d\u77f3\u6865\u5357": [116.332038, 39.938399], "\u4e8c\u91cc\u6c9f": [116.340264, 39.938114], "\u8f66\u516c\u5e84\u897f": [116.350644, 39.938074], "\u8f66\u516c\u5e84": [116.362436, 39.938489], "\u5e73\u5b89\u91cc": [116.378635, 39.939264], "\u5317\u6d77\u5317": [116.39289, 39.939493], "\u5357\u9523\u9f13\u5df7": [116.409683, 39.93984], "\u4e1c\u56db": [116.423405, 39.930647], "\u671d\u9633\u95e8": [116.441075, 39.930642], "\u4e1c\u5927\u6865": [116.458252, 39.928625], "\u547c\u5bb6\u697c": [116.468237, 39.929238], "\u91d1\u53f0\u8def": [116.484892, 39.929238], "\u5341\u91cc\u5821": [116.508479, 39.929238], "\u9752\u5e74\u8def": [116.523829, 39.929469], "\u8921\u88e2\u5761": [116.570759, 39.929826], "\u9ec4\u6e20": [116.584684, 39.929938], "\u5e38\u8425": [116.605447, 39.93151], "\u8349\u623f": [116.622546, 39.930673], "\u7269\u8d44\u5b66\u9662\u8def": [116.645543, 39.933087], "\u901a\u5dde\u5317\u5173": [116.668053, 39.924687], "\u901a\u8fd0\u95e8": [116.68012, 39.916495], "\u5317\u8fd0\u6cb3\u897f": [116.69462, 39.908896], "\u5317\u8fd0\u6cb3\u4e1c": [116.713988, 39.908924], "\u90dd\u5bb6\u5e9c": [116.724215, 39.909286], "\u4e1c\u590f\u56ed": [116.740896, 39.909493], "\u6f5e\u57ce": [116.754799, 39.90889]}, "8": {"\u6731\u8f9b\u5e84": [116.32013, 40.110334], "\u80b2\u77e5\u8def": [116.333898, 40.09371], "\u5e73\u897f\u5e9c": [116.357247, 40.095792], "\u56de\u9f99\u89c2\u4e1c\u5927\u8857": [116.369753, 40.086965], "\u970d\u8425": [116.366721, 40.077129], "\u80b2\u65b0": [116.353997, 40.066124], "\u897f\u5c0f\u53e3": [116.358213, 40.052716], "\u6c38\u6cf0\u5e84": [116.361159, 40.043692], "\u6797\u8403\u6865": [116.378905, 40.027995], "\u68ee\u6797\u516c\u56ed\u5357\u95e8": [116.399036, 40.016211], "\u5965\u6797\u5339\u514b\u516c\u56ed": [116.398711, 40.007852], "\u5965\u4f53\u4e2d\u5fc3": [116.400191, 39.992442], "\u5317\u571f\u57ce": [116.400663, 39.983255], "\u5b89\u534e\u6865": [116.400603, 39.974878], "\u5b89\u5fb7\u91cc\u5317\u8857": [116.400884, 39.963931], "\u9f13\u697c\u5927\u8857": [116.399937, 39.955358], "\u4ec0\u5239\u6d77": [116.402547, 39.944154],